reports/ReportController.java	ReportController
reports/runner/ReportRunner.java	ReportRunner
reports/runner/ReportScheduler.java	ReportScheduler
analytics/AnalyticsService.java	AnalyticsService
analytics/AnalyticsFilter.java	AnalyticsFilter
analytics/AnalyticsController.java	AnalyticsController
HealthController.java	HealthController
approvals/ApprovalService.java	ApprovalService
approvals/ApprovalController.java	ApprovalController
backups/RecoveryDrillRunner.java	RecoveryDrillRunner
backups/BackupScheduler.java	BackupScheduler
backups/BackupController.java	BackupController
users/UserController.java	UserController
users/AdminUserController.java	AdminUserController
users/AdminUserService.java	AdminUserService
courses/AssessmentItemController.java	AssessmentItemController
courses/ActivityController.java	ActivityController
sessions/SessionController.java	SessionController
governance/AllowedIpRangeController.java	AllowedIpRangeController
governance/MaskingPolicy.java	MaskingPolicy
governance/ClassificationPolicy.java	ClassificationPolicy
sessions/AttemptDraftController.java	AttemptDraftController
sessions/SessionMapper.java	SessionMapper
notifications/NotificationService.java	NotificationService
notifications/TemplateController.java	TemplateController
auth/LockoutPolicy.java	LockoutPolicy
auth/JwtAuthenticationFilter.java	JwtAuthenticationFilter
auth/AuthService.java	AuthService
auth/PasswordPolicy.java	PasswordPolicy
auth/AuthController.java	AuthController
courses/KnowledgePointController.java	KnowledgePointController
backups/entity/BackupPolicy.java	BackupPolicy
backups/BackupRunner.java	BackupRunner
notifications/NotificationController.java	NotificationController
auth/JwtService.java	JwtService
auth/DeviceFingerprintService.java	DeviceFingerprintService
auth/RegistrationSlaScheduler.java	RegistrationSlaScheduler
security/audit/AuditController.java	AuditController
courses/CourseController.java	CourseController
recyclebin/RecycleBinController.java	RecycleBinController
recyclebin/RecycleBinRetentionScheduler.java	RecycleBinRetentionScheduler
sessions/SessionSyncController.java	SessionSyncController
common/ratelimit/RateLimitFilter.java	RateLimitFilter
common/web/RequestIdFilter.java	RequestIdFilter
common/web/WebMvcConfig.java	WebMvcConfig
common/idempotency/IdempotencyService.java	IdempotencyService
common/security/SecurityConfig.java	SecurityConfig
security/anomaly/AnomalyController.java	AnomalyController
